{"cameraMode":{"drawMode":0,"name":"Shaded","section":"Shading Mode"},"sceneLighting":false,"audioPlay":false,"sceneViewState":{"showFog":true,"showMaterialUpdate":false,"showSkybox":true,"showFlares":true,"showImageEffects":true,"showParticleSystems":true},"in2DMode":false,"pivot":{"x":-2.9802322387695315e-8,"y":1.0499999523162842,"z":0.0},"rotation":{"x":0.26677146553993227,"y":0.5470580458641052,"z":-0.18940700590610505,"w":0.7705098986625671},"size":3.656156063079834,"orthographic":false}