{"cameraMode":{"drawMode":0,"name":"Shaded","section":"Shading Mode"},"sceneLighting":false,"audioPlay":false,"sceneViewState":{"showFog":true,"showMaterialUpdate":false,"showSkybox":true,"showFlares":true,"showImageEffects":true,"showParticleSystems":true},"in2DMode":false,"pivot":{"x":-2.2822446823120119,"y":0.17032171785831452,"z":3.088855266571045},"rotation":{"x":0.36226075887680056,"y":-0.022922981530427934,"z":0.00891194585710764,"w":0.9317522644996643},"size":2.336273431777954,"orthographic":false}