{"cameraMode":{"drawMode":0,"name":"Shaded","section":"Shading Mode"},"sceneLighting":false,"audioPlay":false,"sceneViewState":{"showFog":true,"showMaterialUpdate":false,"showSkybox":true,"showFlares":true,"showImageEffects":true,"showParticleSystems":true},"in2DMode":false,"pivot":{"x":5.163588047027588,"y":-0.01064157485961914,"z":-3.7485146522521974},"rotation":{"x":0.07373834401369095,"y":0.011371317319571972,"z":-0.0008416441269218922,"w":0.9972124695777893},"size":9.361947059631348,"orthographic":false}