{"cameraMode":{"drawMode":0,"name":"Shaded","section":"Shading Mode"},"sceneLighting":true,"audioPlay":false,"sceneViewState":{"showFog":true,"showMaterialUpdate":false,"showSkybox":true,"showFlares":true,"showImageEffects":true,"showParticleSystems":true},"in2DMode":false,"pivot":{"x":4.594561576843262,"y":3.9632654190063478,"z":2.917477607727051},"rotation":{"x":0.36226075887680056,"y":-0.022922981530427934,"z":0.00891194585710764,"w":0.9317522644996643},"size":20.09906768798828,"orthographic":false}